﻿Designator,Quantity,Value,Footprint,Package,MPN,DNP,Mount_Type,Description,Sim.Device,Sim.Pins
"D1, D10, D11, D12, D13, D14, D15, D16, D17, D18, D19, D2, D20, D21, D22, D23, D24, D25, D26, D27, D28, D29, D3, D30, D31, D32, D33, D34, D35, D36, D37, D38, D39, D4, D40, D41, D42, D43, D44, D45, D46, D47, D48, D49, D5, D50, D51, D52, D53, D54, D55, D56, D57, D58, D59, D6, D60, D61, D62, D63, D64, D65, D66, D67, D68, D69, D7, D70, D71, D72, D73, D74, D75, D76, D77, D78, D79, D8, D80, D81, D82, D83, D84, D85, D86, D87, D88, D89, D9, D90, D91, D92, D93",93,D_Small,D_SOD-123,,,,smt,"[D1]1N4148 - Type: Switching diode Voltage: ~100V reverse voltage Current: ~300mA forward current; [D10,D11,D12,D13,D14,D15,D16,D17,D18,D19,D2,D20,D21,D22,D23,D24,D25,D26,D27,D28,D29,D3,D30,D31,D32,D33,D34,D35,D36,D37,D38,D39,D4,D40,D41,D42,D43,D44,D45,D46,D47,D48,D49,D5,D50,D51,D52,D53,D54,D55,D56,D57,D58,D59,D6,D60,D61,D62,D63,D64,D65,D66,D67,D68,D69,D7,D70,D71,D72,D73,D74,D75,D76,D77,D78,D79,D8,D80,D81,D82,D83,D84,D85,D86,D87,D88,D89,D9,D90,D91,D92,D93]Diode, small symbol",D,1=K 2=A
J1,1,Conn_01x02,JST_PH_S2B-PH-K_1x02_P2.00mm_Horizontal,,,,tht,"Generic connector, single row, 01x02, script generated (kicad-library-utils/schlib/autogen/connector/)",,
"MX1, MX30, MX35, MX53, MX69, MX85",6,MX-NoLED,SW_Hotswap_Kailh_MX_1.50u,,,,smt,,,
"MX10, MX11, MX12, MX13, MX14, MX15, MX16, MX17, MX18, MX19, MX2, MX20, MX21, MX22, MX23, MX24, MX25, MX26, MX27, MX28, MX29, MX3, MX31, MX32, MX33, MX34, MX36, MX37, MX38, MX39, MX4, MX40, MX41, MX42, MX43, MX44, MX45, MX46, MX47, MX48, MX49, MX5, MX50, MX51, MX54, MX55, MX56, MX57, MX58, MX59, MX6, MX60, MX61, MX62, MX63, MX64, MX66, MX67, MX68, MX7, MX70, MX71, MX72, MX73, MX74, MX75, MX76, MX77, MX78, MX79, MX8, MX80, MX81, MX82, MX83, MX89, MX9, MX90, MX91, MX93",80,MX-NoLED,SW_Hotswap_Kailh_MX_1.00u,,,,smt,,,
"MX52, MX84",2,MX-NoLED,SW_Hotswap_Kailh_MX_2.00u_90deg,,,,smt,,,
"MX65, MX92",2,MX-NoLED,SW_Hotswap_Kailh_MX_2.00u,,,,smt,,,
"MX86, MX87",2,MX-NoLED,SW_Hotswap_Kailh_MX_1.25u,,,,smt,,,
MX88,1,MX-NoLED,SW_Hotswap_Kailh_MX_7.00u,,,,smt,,,
SW1,1,SW_SPDT,SW_Slide_SPDT_Angled_CK_OS102011MA1Q,,,,tht,"Switch, single pole double throw",,
U2,1,nice_nano,nice_nano,,,,tht,,,
