﻿pos_x,pos_y,rotation,side,designator,mpn,pack,footprint,value,mount_type
10.6,-39.25,180.0,bottom,D1,,,D_SOD-123,D_Small,smt
188.25,-35.75,180.0,bottom,D10,,,D_SOD-123,D_Small,smt
207.25,-35.75,180.0,bottom,D11,,,D_SOD-123,D_Small,smt
226.25,-35.75,180.0,bottom,D12,,,D_SOD-123,D_Small,smt
245.5,-35.75,180.0,bottom,D13,,,D_SOD-123,D_Small,smt
269.0,-35.75,180.0,bottom,D14,,,D_SOD-123,D_Small,smt
288.1,-36.0,180.0,bottom,D15,,,D_SOD-123,D_Small,smt
307.25,-36.0,180.0,bottom,D16,,,D_SOD-123,D_Small,smt
-11.6,-59.75,180.0,bottom,D17,,,D_SOD-123,D_Small,smt
7.25,-59.75,180.0,bottom,D18,,,D_SOD-123,D_Small,smt
26.25,-59.75,180.0,bottom,D19,,,D_SOD-123,D_Small,smt
26.25,-35.75,180.0,bottom,D2,,,D_SOD-123,D_Small,smt
45.0,-59.75,180.0,bottom,D20,,,D_SOD-123,D_Small,smt
64.5,-59.75,180.0,bottom,D21,,,D_SOD-123,D_Small,smt
83.5,-59.75,180.0,bottom,D22,,,D_SOD-123,D_Small,smt
102.4,-59.75,180.0,bottom,D23,,,D_SOD-123,D_Small,smt
121.75,-59.75,180.0,bottom,D24,,,D_SOD-123,D_Small,smt
140.75,-59.75,180.0,bottom,D25,,,D_SOD-123,D_Small,smt
159.5,-59.75,180.0,bottom,D26,,,D_SOD-123,D_Small,smt
178.75,-59.75,180.0,bottom,D27,,,D_SOD-123,D_Small,smt
197.75,-59.75,180.0,bottom,D28,,,D_SOD-123,D_Small,smt
216.65,-59.75,180.0,bottom,D29,,,D_SOD-123,D_Small,smt
45.5,-35.75,180.0,bottom,D3,,,D_SOD-123,D_Small,smt
240.75,-59.75,180.0,bottom,D30,,,D_SOD-123,D_Small,smt
269.25,-59.75,180.0,bottom,D31,,,D_SOD-123,D_Small,smt
288.15,-59.75,180.0,bottom,D32,,,D_SOD-123,D_Small,smt
307.25,-59.75,180.0,bottom,D33,,,D_SOD-123,D_Small,smt
-7.0,-78.75,180.0,bottom,D34,,,D_SOD-123,D_Small,smt
16.75,-78.75,180.0,bottom,D35,,,D_SOD-123,D_Small,smt
35.75,-78.75,180.0,bottom,D36,,,D_SOD-123,D_Small,smt
55.0,-78.75,180.0,bottom,D37,,,D_SOD-123,D_Small,smt
74.15,-78.75,180.0,bottom,D38,,,D_SOD-123,D_Small,smt
93.0,-78.75,180.0,bottom,D39,,,D_SOD-123,D_Small,smt
64.5,-35.75,180.0,bottom,D4,,,D_SOD-123,D_Small,smt
112.25,-78.75,180.0,bottom,D40,,,D_SOD-123,D_Small,smt
131.25,-78.75,180.0,bottom,D41,,,D_SOD-123,D_Small,smt
150.25,-78.75,180.0,bottom,D42,,,D_SOD-123,D_Small,smt
169.25,-78.75,180.0,bottom,D43,,,D_SOD-123,D_Small,smt
188.25,-78.75,180.0,bottom,D44,,,D_SOD-123,D_Small,smt
207.5,-78.75,180.0,bottom,D45,,,D_SOD-123,D_Small,smt
226.5,-78.75,180.0,bottom,D46,,,D_SOD-123,D_Small,smt
245.25,-78.75,180.0,bottom,D47,,,D_SOD-123,D_Small,smt
269.25,-78.75,180.0,bottom,D48,,,D_SOD-123,D_Small,smt
288.4,-78.75,180.0,bottom,D49,,,D_SOD-123,D_Small,smt
83.6,-35.75,180.0,bottom,D5,,,D_SOD-123,D_Small,smt
307.5,-78.75,180.0,bottom,D50,,,D_SOD-123,D_Small,smt
326.5,-78.75,180.0,bottom,D51,,,D_SOD-123,D_Small,smt
-7.0,-97.75,180.0,bottom,D52,,,D_SOD-123,D_Small,smt
17.0,-97.75,180.0,bottom,D53,,,D_SOD-123,D_Small,smt
35.65,-97.75,180.0,bottom,D54,,,D_SOD-123,D_Small,smt
55.0,-97.75,180.0,bottom,D55,,,D_SOD-123,D_Small,smt
73.75,-97.75,180.0,bottom,D56,,,D_SOD-123,D_Small,smt
93.0,-97.75,180.0,bottom,D57,,,D_SOD-123,D_Small,smt
112.0,-97.75,180.0,bottom,D58,,,D_SOD-123,D_Small,smt
130.9,-98.0,180.0,bottom,D59,,,D_SOD-123,D_Small,smt
102.5,-35.75,180.0,bottom,D6,,,D_SOD-123,D_Small,smt
150.0,-97.75,180.0,bottom,D60,,,D_SOD-123,D_Small,smt
169.15,-97.75,180.0,bottom,D61,,,D_SOD-123,D_Small,smt
188.25,-97.75,180.0,bottom,D62,,,D_SOD-123,D_Small,smt
207.25,-97.75,180.0,bottom,D63,,,D_SOD-123,D_Small,smt
236.0,-97.75,180.0,bottom,D64,,,D_SOD-123,D_Small,smt
269.15,-97.75,180.0,bottom,D65,,,D_SOD-123,D_Small,smt
288.25,-97.75,180.0,bottom,D66,,,D_SOD-123,D_Small,smt
307.25,-97.75,180.0,bottom,D67,,,D_SOD-123,D_Small,smt
326.5,-97.75,180.0,bottom,D68,,,D_SOD-123,D_Small,smt
-7.0,-116.75,180.0,bottom,D69,,,D_SOD-123,D_Small,smt
121.65,-35.75,180.0,bottom,D7,,,D_SOD-123,D_Small,smt
16.65,-116.75,180.0,bottom,D70,,,D_SOD-123,D_Small,smt
35.9,-116.75,180.0,bottom,D71,,,D_SOD-123,D_Small,smt
54.75,-116.75,180.0,bottom,D72,,,D_SOD-123,D_Small,smt
74.0,-116.75,180.0,bottom,D73,,,D_SOD-123,D_Small,smt
93.0,-116.75,180.0,bottom,D74,,,D_SOD-123,D_Small,smt
112.0,-116.75,180.0,bottom,D75,,,D_SOD-123,D_Small,smt
131.0,-116.75,180.0,bottom,D76,,,D_SOD-123,D_Small,smt
150.15,-116.75,180.0,bottom,D77,,,D_SOD-123,D_Small,smt
169.15,-116.75,180.0,bottom,D78,,,D_SOD-123,D_Small,smt
188.25,-116.75,180.0,bottom,D79,,,D_SOD-123,D_Small,smt
150.25,-35.75,180.0,bottom,D8,,,D_SOD-123,D_Small,smt
226.4,-116.75,180.0,bottom,D80,,,D_SOD-123,D_Small,smt
269.25,-116.75,180.0,bottom,D81,,,D_SOD-123,D_Small,smt
288.25,-116.75,180.0,bottom,D82,,,D_SOD-123,D_Small,smt
307.25,-116.75,180.0,bottom,D83,,,D_SOD-123,D_Small,smt
326.25,-126.25,180.0,bottom,D84,,,D_SOD-123,D_Small,smt
-7.1,-135.75,180.0,bottom,D85,,,D_SOD-123,D_Small,smt
19.15,-135.75,180.0,bottom,D86,,,D_SOD-123,D_Small,smt
43.0,-135.75,180.0,bottom,D87,,,D_SOD-123,D_Small,smt
123.75,-135.75,180.0,bottom,D88,,,D_SOD-123,D_Small,smt
207.25,-135.75,180.0,bottom,D89,,,D_SOD-123,D_Small,smt
169.25,-35.75,180.0,bottom,D9,,,D_SOD-123,D_Small,smt
226.25,-135.75,180.0,bottom,D90,,,D_SOD-123,D_Small,smt
245.5,-135.75,180.0,bottom,D91,,,D_SOD-123,D_Small,smt
278.75,-135.75,180.0,bottom,D92,,,D_SOD-123,D_Small,smt
307.35,-135.75,180.0,bottom,D93,,,D_SOD-123,D_Small,smt
323.8,-73.75,90.0,top,J1,,,JST_PH_S2B-PH-K_1x02_P2.00mm_Horizontal,Conn_01x02,tht
-2.165,-44.54,0.0,top,MX1,,,SW_Hotswap_Kailh_MX_1.50u,MX-NoLED,smt
193.0975,-44.54,0.0,top,MX10,,,SW_Hotswap_Kailh_MX_1.00u,MX-NoLED,smt
212.1475,-44.54,0.0,top,MX11,,,SW_Hotswap_Kailh_MX_1.00u,MX-NoLED,smt
231.1975,-44.54,0.0,top,MX12,,,SW_Hotswap_Kailh_MX_1.00u,MX-NoLED,smt
250.2475,-44.54,0.0,top,MX13,,,SW_Hotswap_Kailh_MX_1.00u,MX-NoLED,smt
274.06,-44.54,0.0,top,MX14,,,SW_Hotswap_Kailh_MX_1.00u,MX-NoLED,smt
293.11,-44.54,0.0,top,MX15,,,SW_Hotswap_Kailh_MX_1.00u,MX-NoLED,smt
312.16,-44.54,0.0,top,MX16,,,SW_Hotswap_Kailh_MX_1.00u,MX-NoLED,smt
-6.9275,-68.3525,0.0,top,MX17,,,SW_Hotswap_Kailh_MX_1.00u,MX-NoLED,smt
12.1225,-68.3525,0.0,top,MX18,,,SW_Hotswap_Kailh_MX_1.00u,MX-NoLED,smt
31.1725,-68.3525,0.0,top,MX19,,,SW_Hotswap_Kailh_MX_1.00u,MX-NoLED,smt
31.1725,-44.54,0.0,top,MX2,,,SW_Hotswap_Kailh_MX_1.00u,MX-NoLED,smt
50.2225,-68.3525,0.0,top,MX20,,,SW_Hotswap_Kailh_MX_1.00u,MX-NoLED,smt
69.2725,-68.3525,0.0,top,MX21,,,SW_Hotswap_Kailh_MX_1.00u,MX-NoLED,smt
88.3225,-68.3525,0.0,top,MX22,,,SW_Hotswap_Kailh_MX_1.00u,MX-NoLED,smt
107.3725,-68.3525,0.0,top,MX23,,,SW_Hotswap_Kailh_MX_1.00u,MX-NoLED,smt
126.4225,-68.3525,0.0,top,MX24,,,SW_Hotswap_Kailh_MX_1.00u,MX-NoLED,smt
145.4725,-68.3525,0.0,top,MX25,,,SW_Hotswap_Kailh_MX_1.00u,MX-NoLED,smt
164.5225,-68.3525,0.0,top,MX26,,,SW_Hotswap_Kailh_MX_1.00u,MX-NoLED,smt
183.5725,-68.3525,0.0,top,MX27,,,SW_Hotswap_Kailh_MX_1.00u,MX-NoLED,smt
202.6225,-68.3525,0.0,top,MX28,,,SW_Hotswap_Kailh_MX_1.00u,MX-NoLED,smt
221.6725,-68.3525,0.0,top,MX29,,,SW_Hotswap_Kailh_MX_1.00u,MX-NoLED,smt
50.2225,-44.54,0.0,top,MX3,,,SW_Hotswap_Kailh_MX_1.00u,MX-NoLED,smt
245.485,-68.3525,0.0,top,MX30,,,SW_Hotswap_Kailh_MX_1.50u,MX-NoLED,smt
274.06,-68.3525,0.0,top,MX31,,,SW_Hotswap_Kailh_MX_1.00u,MX-NoLED,smt
293.11,-68.3525,0.0,top,MX32,,,SW_Hotswap_Kailh_MX_1.00u,MX-NoLED,smt
312.16,-68.3525,0.0,top,MX33,,,SW_Hotswap_Kailh_MX_1.00u,MX-NoLED,smt
-2.165,-87.4025,0.0,top,MX34,,,SW_Hotswap_Kailh_MX_1.00u,MX-NoLED,smt
21.6475,-87.4025,0.0,top,MX35,,,SW_Hotswap_Kailh_MX_1.50u,MX-NoLED,smt
40.6975,-87.4025,0.0,top,MX36,,,SW_Hotswap_Kailh_MX_1.00u,MX-NoLED,smt
59.7475,-87.4025,0.0,top,MX37,,,SW_Hotswap_Kailh_MX_1.00u,MX-NoLED,smt
78.7975,-87.4025,0.0,top,MX38,,,SW_Hotswap_Kailh_MX_1.00u,MX-NoLED,smt
97.8475,-87.4025,0.0,top,MX39,,,SW_Hotswap_Kailh_MX_1.00u,MX-NoLED,smt
69.2725,-44.54,0.0,top,MX4,,,SW_Hotswap_Kailh_MX_1.00u,MX-NoLED,smt
116.8975,-87.4025,0.0,top,MX40,,,SW_Hotswap_Kailh_MX_1.00u,MX-NoLED,smt
135.9475,-87.4025,0.0,top,MX41,,,SW_Hotswap_Kailh_MX_1.00u,MX-NoLED,smt
154.9975,-87.4025,0.0,top,MX42,,,SW_Hotswap_Kailh_MX_1.00u,MX-NoLED,smt
174.0475,-87.4025,0.0,top,MX43,,,SW_Hotswap_Kailh_MX_1.00u,MX-NoLED,smt
193.0975,-87.4025,0.0,top,MX44,,,SW_Hotswap_Kailh_MX_1.00u,MX-NoLED,smt
212.1475,-87.4025,0.0,top,MX45,,,SW_Hotswap_Kailh_MX_1.00u,MX-NoLED,smt
231.1975,-87.4025,0.0,top,MX46,,,SW_Hotswap_Kailh_MX_1.00u,MX-NoLED,smt
250.2475,-87.4025,0.0,top,MX47,,,SW_Hotswap_Kailh_MX_1.00u,MX-NoLED,smt
274.06,-87.4025,0.0,top,MX48,,,SW_Hotswap_Kailh_MX_1.00u,MX-NoLED,smt
293.11,-87.4025,0.0,top,MX49,,,SW_Hotswap_Kailh_MX_1.00u,MX-NoLED,smt
88.3225,-44.54,0.0,top,MX5,,,SW_Hotswap_Kailh_MX_1.00u,MX-NoLED,smt
312.16,-87.4025,0.0,top,MX50,,,SW_Hotswap_Kailh_MX_1.00u,MX-NoLED,smt
331.21,-87.4025,0.0,top,MX51,,,SW_Hotswap_Kailh_MX_1.00u,MX-NoLED,smt
-2.165,-106.4525,0.0,top,MX52,,,SW_Hotswap_Kailh_MX_2.00u_90deg,MX-NoLED,smt
21.6475,-106.4525,0.0,top,MX53,,,SW_Hotswap_Kailh_MX_1.50u,MX-NoLED,smt
40.6975,-106.4525,0.0,top,MX54,,,SW_Hotswap_Kailh_MX_1.00u,MX-NoLED,smt
59.7475,-106.4525,0.0,top,MX55,,,SW_Hotswap_Kailh_MX_1.00u,MX-NoLED,smt
78.7975,-106.4525,0.0,top,MX56,,,SW_Hotswap_Kailh_MX_1.00u,MX-NoLED,smt
97.8475,-106.4525,0.0,top,MX57,,,SW_Hotswap_Kailh_MX_1.00u,MX-NoLED,smt
116.8975,-106.4525,0.0,top,MX58,,,SW_Hotswap_Kailh_MX_1.00u,MX-NoLED,smt
135.9475,-106.4525,0.0,top,MX59,,,SW_Hotswap_Kailh_MX_1.00u,MX-NoLED,smt
107.3725,-44.54,0.0,top,MX6,,,SW_Hotswap_Kailh_MX_1.00u,MX-NoLED,smt
154.9975,-106.4525,0.0,top,MX60,,,SW_Hotswap_Kailh_MX_1.00u,MX-NoLED,smt
174.0475,-106.4525,0.0,top,MX61,,,SW_Hotswap_Kailh_MX_1.00u,MX-NoLED,smt
193.0975,-106.4525,0.0,top,MX62,,,SW_Hotswap_Kailh_MX_1.00u,MX-NoLED,smt
212.1475,-106.4525,0.0,top,MX63,,,SW_Hotswap_Kailh_MX_1.00u,MX-NoLED,smt
240.7225,-106.4525,0.0,top,MX64,,,SW_Hotswap_Kailh_MX_1.00u,MX-NoLED,smt
274.06,-106.4525,0.0,top,MX65,,,SW_Hotswap_Kailh_MX_2.00u,MX-NoLED,smt
293.11,-106.4525,0.0,top,MX66,,,SW_Hotswap_Kailh_MX_1.00u,MX-NoLED,smt
312.16,-106.4525,0.0,top,MX67,,,SW_Hotswap_Kailh_MX_1.00u,MX-NoLED,smt
331.21,-106.4525,0.0,top,MX68,,,SW_Hotswap_Kailh_MX_1.00u,MX-NoLED,smt
-2.165,-125.5025,0.0,top,MX69,,,SW_Hotswap_Kailh_MX_1.50u,MX-NoLED,smt
126.4225,-44.54,0.0,top,MX7,,,SW_Hotswap_Kailh_MX_1.00u,MX-NoLED,smt
21.6475,-125.5025,0.0,top,MX70,,,SW_Hotswap_Kailh_MX_1.00u,MX-NoLED,smt
40.6975,-125.5025,0.0,top,MX71,,,SW_Hotswap_Kailh_MX_1.00u,MX-NoLED,smt
59.7475,-125.5025,0.0,top,MX72,,,SW_Hotswap_Kailh_MX_1.00u,MX-NoLED,smt
78.7975,-125.5025,0.0,top,MX73,,,SW_Hotswap_Kailh_MX_1.00u,MX-NoLED,smt
97.8475,-125.5025,0.0,top,MX74,,,SW_Hotswap_Kailh_MX_1.00u,MX-NoLED,smt
116.8975,-125.5025,0.0,top,MX75,,,SW_Hotswap_Kailh_MX_1.00u,MX-NoLED,smt
135.9475,-125.5025,0.0,top,MX76,,,SW_Hotswap_Kailh_MX_1.00u,MX-NoLED,smt
154.9975,-125.5025,0.0,top,MX77,,,SW_Hotswap_Kailh_MX_1.00u,MX-NoLED,smt
174.0475,-125.5025,0.0,top,MX78,,,SW_Hotswap_Kailh_MX_1.00u,MX-NoLED,smt
193.0975,-125.5025,0.0,top,MX79,,,SW_Hotswap_Kailh_MX_1.00u,MX-NoLED,smt
154.9975,-44.54,0.0,top,MX8,,,SW_Hotswap_Kailh_MX_1.00u,MX-NoLED,smt
231.1975,-125.5025,0.0,top,MX80,,,SW_Hotswap_Kailh_MX_1.00u,MX-NoLED,smt
274.06,-125.5025,0.0,top,MX81,,,SW_Hotswap_Kailh_MX_1.00u,MX-NoLED,smt
293.11,-125.5025,0.0,top,MX82,,,SW_Hotswap_Kailh_MX_1.00u,MX-NoLED,smt
312.16,-125.5025,0.0,top,MX83,,,SW_Hotswap_Kailh_MX_1.00u,MX-NoLED,smt
331.21,-135.0275,0.0,top,MX84,,,SW_Hotswap_Kailh_MX_2.00u_90deg,MX-NoLED,smt
-2.165,-144.5525,0.0,top,MX85,,,SW_Hotswap_Kailh_MX_1.50u,MX-NoLED,smt
24.0288,-144.5525,0.0,top,MX86,,,SW_Hotswap_Kailh_MX_1.25u,MX-NoLED,smt
47.8413,-144.5525,0.0,top,MX87,,,SW_Hotswap_Kailh_MX_1.25u,MX-NoLED,smt
128.8038,-144.5525,0.0,top,MX88,,,SW_Hotswap_Kailh_MX_7.00u,MX-NoLED,smt
212.1475,-144.5525,0.0,top,MX89,,,SW_Hotswap_Kailh_MX_1.00u,MX-NoLED,smt
174.0475,-44.54,0.0,top,MX9,,,SW_Hotswap_Kailh_MX_1.00u,MX-NoLED,smt
231.1975,-144.5525,0.0,top,MX90,,,SW_Hotswap_Kailh_MX_1.00u,MX-NoLED,smt
250.2475,-144.5525,0.0,top,MX91,,,SW_Hotswap_Kailh_MX_1.00u,MX-NoLED,smt
283.585,-144.5525,0.0,top,MX92,,,SW_Hotswap_Kailh_MX_2.00u,MX-NoLED,smt
312.16,-144.5525,0.0,top,MX93,,,SW_Hotswap_Kailh_MX_1.00u,MX-NoLED,smt
337.75,-122.35,90.0,top,SW1,,,SW_Slide_SPDT_Angled_CK_OS102011MA1Q,SW_SPDT,tht
332.38,-51.89,-90.0,top,U2,,,nice_nano,nice_nano,tht
